[{"id":1,"treeId":1,"type":"decor","name":"tree","filename":"tree.png","zipFilename":"object-1.png","visible":true,"availability":true,"properties":{}},{"id":2,"treeId":2,"type":"weapon","name":"Томпсон","filename":"Томпсон.png","zipFilename":"object-2.png","visible":true,"availability":true,"properties":{}},{"id":3,"treeId":2,"type":"weapon","name":"Винтовка Мосина","filename":"Винтовка Мосина.png","zipFilename":"object-3.png","visible":true,"availability":true,"properties":{}},{"id":4,"treeId":2,"type":"weapon","name":"МГ-341","filename":"МГ-341.png","zipFilename":"object-4.png","visible":true,"availability":true,"properties":{}},{"id":5,"treeId":3,"type":"armor","name":"Сапоги супер","filename":"Сапоги супер.png","zipFilename":"object-5.png","visible":true,"availability":true,"properties":{}},{"id":6,"treeId":3,"type":"armor","name":"Сапоги","filename":"Сапоги.png","zipFilename":"object-6.png","visible":true,"availability":true,"properties":{}},{"id":7,"treeId":3,"type":"armor","name":"Перчатки супер","filename":"Перчатки супер.png","zipFilename":"object-7.png","visible":true,"availability":true,"properties":{}},{"id":8,"treeId":3,"type":"armor","name":"Перчатки","filename":"Перчатки.png","zipFilename":"object-8.png","visible":true,"availability":true,"properties":{}},{"id":9,"treeId":3,"type":"armor","name":"Поножи супер","filename":"Поножи супер.png","zipFilename":"object-9.png","visible":true,"availability":true,"properties":{}},{"id":10,"treeId":3,"type":"armor","name":"Поножи","filename":"Поножи.png","zipFilename":"object-10.png","visible":true,"availability":true,"properties":{}},{"id":11,"treeId":3,"type":"armor","name":"Кираса супер","filename":"Кираса супер.png","zipFilename":"object-11.png","visible":true,"availability":true,"properties":{}},{"id":12,"treeId":3,"type":"armor","name":"Кираса","filename":"Кираса.png","zipFilename":"object-12.png","visible":true,"availability":true,"properties":{}},{"id":13,"treeId":3,"type":"armor","name":"Шлем супер","filename":"Шлем супер.png","zipFilename":"object-13.png","visible":true,"availability":true,"properties":{}},{"id":14,"treeId":3,"type":"armor","name":"Шлем","filename":"Шлем.png","zipFilename":"object-14.png","visible":true,"availability":true,"properties":{}},{"id":15,"treeId":4,"type":"shop","name":"Новый объект","filename":"Новый объект.png","zipFilename":"object-15.png","visible":true,"availability":true,"properties":{"available-goods":[11,12,13,14,15,16,17,18,19,20]}},{"id":16,"treeId":4,"type":"shop","name":"Новый объект","filename":"Новый объект.png","zipFilename":"object-16.png","visible":true,"availability":true,"properties":{}},{"id":17,"treeId":4,"type":"shop","name":"Новый объект","filename":"Новый объект.png","zipFilename":"object-17.png","visible":true,"availability":true,"properties":{"available-goods":[8,9,10]}},{"id":18,"treeId":4,"type":"shop","name":"Новый объект","filename":"Новый объект.png","zipFilename":"object-18.png","visible":true,"availability":true,"properties":{}},{"id":19,"treeId":5,"type":"transition","name":"Палатка","filename":"Палатка.png","zipFilename":"object-19.png","visible":true,"availability":true,"properties":{"transition-location":{"locationId":1,"ask":null}}},{"id":20,"treeId":5,"type":"transition","name":"Башня","filename":"Башня.png","zipFilename":"object-20.png","visible":true,"availability":true,"properties":{}}]