{
  "name": "Форма бронирования",
  "rows": [
    {
      "guid": "a61d18a4-8c59-4980-a18d-506a35626aa6",
      "verticalAlign": "middle",
      "children": [
        {
          "id": "",
          "guid": "429219e4-532c-43ab-a679-0183d6904eb7",
          "type": "panel",
          "label": "Бронирование",
          "autofill": true,
          "visible": true,
          "disabled": false,
          "children": [
            {
              "guid": "ee4476fd-8951-4754-9ebf-9d09e4ba218c",
              "verticalAlign": "middle",
              "children": [
                {
                  "id": "",
                  "guid": "07390fb4-90ab-45b8-9904-955aeab2c65d",
                  "type": "control",
                  "controlType": "datetime",
                  "label": "Дата заезда",
                  "autofill": false,
                  "visible": true,
                  "disabled": false,
                  "controlProperties": {
                    "bindDTO": "checkIn",
                    "clearButton": false,
                    "readonly": false,
                    "required": false,
                    "usePrefix": false,
                    "prefixIcon": null,
                    "prefixHint": null,
                    "useSuffix": false,
                    "suffixIcon": null,
                    "suffixHint": null
                  },
                  "width": 150,
                  "widthUnit": "pixels"
                },
                {
                  "id": "",
                  "guid": "df2a96d6-3e9c-4bec-a514-04b215baae04",
                  "type": "control",
                  "controlType": "datetime",
                  "label": "Дата выезда",
                  "autofill": false,
                  "visible": true,
                  "disabled": false,
                  "controlProperties": {
                    "bindDTO": "checkOut",
                    "clearButton": false,
                    "readonly": false,
                    "required": false,
                    "usePrefix": false,
                    "prefixIcon": null,
                    "prefixHint": null,
                    "useSuffix": false,
                    "suffixIcon": null,
                    "suffixHint": null
                  },
                  "width": 150,
                  "widthUnit": "pixels"
                },
                {
                  "id": "",
                  "guid": "e0b796f0-17b8-4d2e-b0e0-400d1610a3c0",
                  "type": "control",
                  "controlType": "checkbox",
                  "label": "Нужен трансфер",
                  "autofill": false,
                  "visible": true,
                  "disabled": false,
                  "controlProperties": {
                    "bindDTO": "useTransfer",
                    "clearButton": true,
                    "readonly": false,
                    "required": false,
                    "usePrefix": false,
                    "prefixIcon": null,
                    "prefixHint": null,
                    "useSuffix": false,
                    "suffixIcon": null,
                    "suffixHint": null
                  }
                },
                {
                  "id": "",
                  "guid": "19674236-2602-4404-9a4b-8a54f7913d7b",
                  "type": "control",
                  "controlType": "list",
                  "label": "Тип трансфера",
                  "autofill": false,
                  "visible": "$useTransfer == true",
                  "disabled": false,
                  "controlProperties": {
                    "bindDTO": "useTransfer",
                    "clearButton": false,
                    "readonly": false,
                    "required": false,
                    "usePrefix": false,
                    "prefixIcon": null,
                    "prefixHint": null,
                    "useSuffix": false,
                    "suffixIcon": null,
                    "suffixHint": null,
                    "dataSource": {
                      "id": null,
                      "type": "list",
                      "name": "",
                      "source": [
                        {
                          "value": "1",
                          "title": "Встретить"
                        },
                        {
                          "value": "2",
                          "title": "Проводить"
                        },
                        {
                          "value": "3",
                          "title": "Встретить и проводить"
                        }
                      ]
                    }
                  }
                }
              ]
            }
          ]
        }
      ]
    },
    {
      "guid": "85d9f671-ebfc-45b6-a7d2-26a3cb2998da",
      "verticalAlign": "middle",
      "children": [
        {
          "id": "",
          "guid": "76faf158-408a-4c87-aa13-c2bbf38c5b2f",
          "type": "panel",
          "label": "Контакты",
          "autofill": true,
          "visible": true,
          "disabled": false,
          "children": [
            {
              "guid": "dc5c5e9f-b17e-435e-8163-827d498f88fc",
              "verticalAlign": "middle",
              "children": [
                {
                  "id": "",
                  "guid": "b5bb66c9-28bc-474a-858b-39de8539c5b2",
                  "type": "control",
                  "controlType": "text",
                  "label": "ФИО",
                  "autofill": true,
                  "visible": true,
                  "disabled": false,
                  "controlProperties": {
                    "bindDTO": "fio",
                    "clearButton": true,
                    "readonly": false,
                    "required": false,
                    "usePrefix": false,
                    "prefixIcon": null,
                    "prefixHint": null,
                    "useSuffix": false,
                    "suffixIcon": null,
                    "suffixHint": null
                  }
                },
                {
                  "id": "",
                  "guid": "f0613b0a-54d8-47db-9956-e4722eb1a37f",
                  "type": "control",
                  "controlType": "text",
                  "label": "Телефон",
                  "autofill": false,
                  "visible": true,
                  "disabled": false,
                  "controlProperties": {
                    "bindDTO": "phone",
                    "clearButton": true,
                    "readonly": false,
                    "required": false,
                    "usePrefix": false,
                    "prefixIcon": null,
                    "prefixHint": null,
                    "useSuffix": false,
                    "suffixIcon": null,
                    "suffixHint": null,
                    "maskType": "phone"
                  }
                },
                {
                  "id": "",
                  "guid": "47ea1467-6eea-4a32-9137-801e11a93380",
                  "type": "control",
                  "controlType": "text",
                  "label": "Email",
                  "autofill": false,
                  "visible": true,
                  "disabled": false,
                  "controlProperties": {
                    "bindDTO": "email",
                    "clearButton": true,
                    "readonly": false,
                    "required": false,
                    "usePrefix": false,
                    "prefixIcon": null,
                    "prefixHint": null,
                    "useSuffix": false,
                    "suffixIcon": null,
                    "suffixHint": null,
                    "maskType": "email"
                  }
                }
              ]
            }
          ]
        }
      ]
    },
    {
      "guid": "e27cf6b2-e564-4427-80e8-35016989e09e",
      "verticalAlign": "middle",
      "children": [
        {
          "id": "",
          "guid": "8da7448d-2e2a-42a0-8638-f385d90a17d7",
          "type": "panel",
          "label": "Детали",
          "autofill": true,
          "visible": true,
          "disabled": false,
          "children": [
            {
              "guid": "1b19ea29-8c18-4757-9bd4-959f109d9030",
              "verticalAlign": "middle",
              "children": [
                {
                  "id": "",
                  "guid": "fc2d4bca-6228-4903-be61-c135203d9087",
                  "type": "control",
                  "controlType": "list",
                  "label": "Количество взрослых",
                  "autofill": false,
                  "visible": true,
                  "disabled": false,
                  "controlProperties": {
                    "bindDTO": "numberOfAdults",
                    "clearButton": true,
                    "readonly": false,
                    "required": false,
                    "usePrefix": false,
                    "prefixIcon": null,
                    "prefixHint": null,
                    "useSuffix": false,
                    "suffixIcon": null,
                    "suffixHint": null,
                    "dataSource": {
                      "id": 2,
                      "type": "list",
                      "name": "",
                      "source": [
                        {
                          "title": "Один",
                          "value": "1"
                        },
                        {
                          "title": "Два",
                          "value": "2"
                        },
                        {
                          "title": "Три",
                          "value": "3"
                        },
                        {
                          "title": "Четыре",
                          "value": "4"
                        }
                      ]
                    }
                  }
                },
                {
                  "id": "hasChildren",
                  "guid": "8496490f-5219-42d2-97c4-40bba1111cbc",
                  "type": "control",
                  "controlType": "checkbox",
                  "label": "Наличие детей",
                  "autofill": false,
                  "visible": true,
                  "disabled": false,
                  "controlProperties": {
                    "bindDTO": "hasChildren",
                    "clearButton": true,
                    "readonly": false,
                    "required": false,
                    "usePrefix": false,
                    "prefixIcon": null,
                    "prefixHint": null,
                    "useSuffix": false,
                    "suffixIcon": null,
                    "suffixHint": null
                  }
                },
                {
                  "id": "",
                  "guid": "7f3f9145-675d-4d2c-8b36-3537097e26b0",
                  "type": "control",
                  "controlType": "list",
                  "label": "Количество детей",
                  "autofill": false,
                  "visible": "^hasChildren == true",
                  "disabled": false,
                  "controlProperties": {
                    "bindDTO": "numberOfChildren",
                    "clearButton": true,
                    "readonly": false,
                    "required": false,
                    "usePrefix": false,
                    "prefixIcon": null,
                    "prefixHint": null,
                    "useSuffix": false,
                    "suffixIcon": null,
                    "suffixHint": null,
                    "dataSource": {
                      "id": 2,
                      "type": "list",
                      "name": "",
                      "source": [
                        {
                          "title": "Один",
                          "value": "1"
                        },
                        {
                          "title": "Два",
                          "value": "2"
                        },
                        {
                          "title": "Три",
                          "value": "3"
                        },
                        {
                          "title": "Четыре",
                          "value": "4"
                        }
                      ]
                    }
                  }
                }
              ]
            },
            {
              "guid": "1e326ffd-cc47-471e-b2a3-6249181eee81",
              "verticalAlign": "middle",
              "children": [
                {
                  "id": "roomList",
                  "guid": "a72dac6d-d564-475c-bfcd-977a4843ded4",
                  "type": "control",
                  "controlType": "list",
                  "label": "Тип комнаты",
                  "autofill": false,
                  "visible": true,
                  "disabled": false,
                  "controlProperties": {
                    "bindDTO": "roomType",
                    "clearButton": true,
                    "readonly": false,
                    "required": false,
                    "usePrefix": false,
                    "prefixIcon": null,
                    "prefixHint": null,
                    "useSuffix": false,
                    "suffixIcon": null,
                    "suffixHint": null,
                    "dataSource": {
                      "id": null,
                      "type": "list",
                      "name": "",
                      "source": [
                        {
                          "title": "Обычная",
                          "value": "1"
                        },
                        {
                          "title": "Люкс",
                          "value": "2"
                        }
                      ]
                    }
                  }
                },
                {
                  "id": "",
                  "guid": "a694a541-381e-4ec8-b048-2d0992065425",
                  "type": "control",
                  "controlType": "list",
                  "label": "Тип кровати",
                  "autofill": false,
                  "visible": true,
                  "disabled": "^roomList == 1",
                  "controlProperties": {
                    "bindDTO": "bedType",
                    "clearButton": true,
                    "readonly": false,
                    "required": false,
                    "usePrefix": false,
                    "prefixIcon": null,
                    "prefixHint": null,
                    "useSuffix": false,
                    "suffixIcon": null,
                    "suffixHint": null,
                    "dataSource": {
                      "id": null,
                      "type": "list",
                      "name": "",
                      "source": [
                        {
                          "title": "Односпальная",
                          "value": "1"
                        },
                        {
                          "title": "Двухспальная",
                          "value": "2"
                        }
                      ]
                    }
                  }
                }
              ]
            },
            {
              "guid": "c531ebef-437f-4977-883b-95e54b0b8fe1",
              "verticalAlign": "middle",
              "children": [
                {
                  "id": "",
                  "guid": "60be23fe-c16d-47fa-8e0d-25dfac28b118",
                  "type": "control",
                  "controlType": "text",
                  "label": "Опишите ваши потребности, например, дополнительные кровати, детские кроватки.",
                  "autofill": true,
                  "visible": true,
                  "disabled": false,
                  "controlProperties": {
                    "bindDTO": "comment",
                    "clearButton": true,
                    "readonly": false,
                    "required": false,
                    "usePrefix": false,
                    "prefixIcon": null,
                    "prefixHint": null,
                    "useSuffix": false,
                    "suffixIcon": null,
                    "suffixHint": null,
                    "controlSubType": "textarea"
                  }
                }
              ]
            }
          ]
        }
      ]
    }
  ]
}